{"cameraMode":{"drawMode":0,"name":"Shaded","section":"Shading Mode"},"sceneLighting":false,"audioPlay":false,"sceneViewState":{"showFog":true,"showMaterialUpdate":false,"showSkybox":false,"showFlares":true,"showImageEffects":true,"showParticleSystems":true},"in2DMode":false,"pivot":{"x":11.904435157775879,"y":-1.3832049369812012,"z":-5.733297348022461},"rotation":{"x":-0.18574410676956178,"y":-0.19833748042583466,"z":0.038310837000608447,"w":-0.9616106152534485},"size":7.8954315185546879,"orthographic":false}