{"cameraMode":{"drawMode":0,"name":"Shaded","section":"Shading Mode"},"sceneLighting":false,"audioPlay":false,"sceneViewState":{"showFog":true,"showMaterialUpdate":false,"showSkybox":false,"showFlares":true,"showImageEffects":true,"showParticleSystems":true},"in2DMode":false,"pivot":{"x":1.4617328643798829,"y":-0.5807987451553345,"z":-0.8835525512695313},"rotation":{"x":-0.18574410676956178,"y":-0.19833748042583466,"z":0.038310837000608447,"w":-0.9616106152534485},"size":2.400017261505127,"orthographic":false}