{"cameraMode":{"drawMode":0,"name":"Shaded","section":"Shading Mode"},"sceneLighting":false,"audioPlay":false,"sceneViewState":{"showFog":true,"showMaterialUpdate":false,"showSkybox":false,"showFlares":true,"showImageEffects":true,"showParticleSystems":true},"in2DMode":false,"pivot":{"x":15.119999885559082,"y":1.4199999570846558,"z":0.0},"rotation":{"x":-0.18574410676956178,"y":-0.19833748042583466,"z":0.038310837000608447,"w":-0.9616106152534485},"size":1.199208378791809,"orthographic":false}