{"cameraMode":{"drawMode":0,"name":"Shaded","section":"Shading Mode"},"sceneLighting":false,"audioPlay":false,"sceneViewState":{"showFog":true,"showMaterialUpdate":false,"showSkybox":false,"showFlares":true,"showImageEffects":true,"showParticleSystems":true},"in2DMode":false,"pivot":{"x":7.53009033203125,"y":-2.2315478324890138,"z":-4.219339370727539},"rotation":{"x":-0.18574410676956178,"y":-0.19833748042583466,"z":0.038310837000608447,"w":-0.9616106152534485},"size":10.0,"orthographic":false}